Ahmed,google.com
Moustafa,yahoo.com
Aly,youtube.com
Hussien,facebook.com
Micheal,instagram.com
Mohamed,google.com
Micheal,sakai.com
User1,sakai.com
User2,google.com
User3,google.com
User4,sakai.com
User4,google.com
User4,sakai.com
User4,facebook.com
User4,sakai.com
User4,youtube.com
User4,sakai.com
User4,sakai.com
User4,miu.edu
User4,sakai.com
User4,miu.edu
User4,sakai.com
Micheal,sakai.com
Micheal,miu.edu
Micheal,sakai.com
Micheal,google.com
Micheal,yahoo.com
Micheal,sakai.com
Micheal,syahoo.com
Micheal,facebook.com
Micheal,miu.edu
User8,sakai.com
User8,miu.edu
User8,sakai.com
User8,miu.edu
User8,sakai.com
User6,draw.io
